{
  "hash": "dd37435b",
  "configHash": "50ec52fb",
  "lockfileHash": "0e5f3731",
  "browserHash": "efd8d0d9",
  "optimized": {
    "@angular/common": {
      "src": "../../../../../../node_modules/@angular/common/fesm2022/common.mjs",
      "file": "@angular_common.js",
      "fileHash": "4d722ec3",
      "needsInterop": false
    },
    "@angular/common/http": {
      "src": "../../../../../../node_modules/@angular/common/fesm2022/http.mjs",
      "file": "@angular_common_http.js",
      "fileHash": "4ea07d26",
      "needsInterop": false
    },
    "@angular/core": {
      "src": "../../../../../../node_modules/@angular/core/fesm2022/core.mjs",
      "file": "@angular_core.js",
      "fileHash": "30135ec1",
      "needsInterop": false
    },
    "@angular/forms": {
      "src": "../../../../../../node_modules/@angular/forms/fesm2022/forms.mjs",
      "file": "@angular_forms.js",
      "fileHash": "f6fb3a6a",
      "needsInterop": false
    },
    "@angular/platform-browser": {
      "src": "../../../../../../node_modules/@angular/platform-browser/fesm2022/platform-browser.mjs",
      "file": "@angular_platform-browser.js",
      "fileHash": "43e9c82b",
      "needsInterop": false
    },
    "@angular/router": {
      "src": "../../../../../../node_modules/@angular/router/fesm2022/router.mjs",
      "file": "@angular_router.js",
      "fileHash": "575cf922",
      "needsInterop": false
    },
    "rxjs/operators": {
      "src": "../../../../../../node_modules/rxjs/dist/esm5/operators/index.js",
      "file": "rxjs_operators.js",
      "fileHash": "339a08b5",
      "needsInterop": false
    },
    "zone.js": {
      "src": "../../../../../../node_modules/zone.js/fesm2015/zone.js",
      "file": "zone__js.js",
      "fileHash": "eb68a5c1",
      "needsInterop": true
    },
    "tslib": {
      "src": "../../../../../../node_modules/tslib/tslib.es6.mjs",
      "file": "tslib.js",
      "fileHash": "de4a9e9c",
      "needsInterop": false
    }
  },
  "chunks": {
    "chunk-QS3QZFHU": {
      "file": "chunk-QS3QZFHU.js"
    },
    "chunk-3BKBVBIO": {
      "file": "chunk-3BKBVBIO.js"
    },
    "chunk-GVQG2AER": {
      "file": "chunk-GVQG2AER.js"
    },
    "chunk-4X6VR2I6": {
      "file": "chunk-4X6VR2I6.js"
    },
    "chunk-A7JMSYBO": {
      "file": "chunk-A7JMSYBO.js"
    },
    "chunk-2TOAEDY2": {
      "file": "chunk-2TOAEDY2.js"
    },
    "chunk-HSWANC32": {
      "file": "chunk-HSWANC32.js"
    },
    "chunk-WDMUDEB6": {
      "file": "chunk-WDMUDEB6.js"
    }
  }
}